id,order_id,product_id,qty,date,,,,,,,,,,
1,10045,57,4,16-07-2024,,,,,,,,,,
2,10200,54,3,04-09-2024,,,,,,,,,,
3,10377,59,1,11-06-2024,,,,,,,,,,
4,10093,31,5,07-06-2024,,,,,,,,,,
5,10451,58,4,20-03-2025,,,,,,,,,,
6,10996,54,2,21-06-2024,,,,,,,,,,
7,10612,42,1,21-08-2024,,,,,,,,,,
8,10771,55,1,24-04-2024,,,,,,,,,,
9,10747,4,5,26-07-2024,,,,,,,,,,
10,10514,2,5,01-03-2025,,,,,,,,,,
11,10449,31,3,29-06-2024,,,,,,,,,,
12,10580,14,5,17-10-2024,,,,,,,,,,
13,10594,26,4,23-05-2024,,,,,,,,,,
14,10668,67,2,31-10-2024,,,,,,,,,,
15,10801,38,4,06-06-2024,,,,,,,,,,
16,10624,68,3,20-06-2024,,,,,,,,,,
17,10914,60,1,18-05-2024,,,,,,,,,,
18,10944,58,3,29-04-2024,,,,,,,,,,
19,10890,11,3,20-04-2024,,,,,,,,,,
20,10064,20,1,18-04-2024,,,,,,,,,,
21,10974,70,2,27-01-2025,,,,,,,,,,
22,10765,63,2,14-10-2024,,,,,,,,,,
23,10040,15,1,01-02-2025,,,,,,,,,,
24,10431,18,5,13-12-2024,,,,,,,,,,
25,10866,22,4,05-05-2024,,,,,,,,,,
26,10154,53,4,16-12-2024,,,,,,,,,,
27,10863,27,5,31-12-2024,,,,,,,,,,
28,10567,9,5,02-05-2024,,,,,,,,,,
29,10790,15,1,04-08-2024,,,,,,,,,,
30,10382,57,4,06-10-2024,,,,,,,,,,
31,10462,44,3,04-09-2024,,,,,,,,,,
32,10146,52,5,22-08-2024,,,,,,,,,,
33,10356,38,2,26-11-2024,,,,,,,,,,
34,10555,64,2,03-08-2024,,,,,,,,,,
35,10053,51,1,06-12-2024,,,,,,,,,,
36,10608,14,1,16-10-2024,,,,,,,,,,
37,10444,51,3,31-08-2024,,,,,,,,,,
38,10144,17,1,31-05-2024,,,,,,,,,,
39,10078,17,3,05-12-2024,,,,,,,,,,
40,10202,42,3,19-06-2024,,,,,,,,,,
41,10676,14,1,07-04-2024,,,,,,,,,,
42,10784,42,3,30-08-2024,,,,,,,,,,
43,10539,44,3,09-04-2024,,,,,,,,,,
44,10091,21,2,08-02-2025,,,,,,,,,,
45,10017,36,2,02-04-2024,,,,,,,,,,
46,10797,69,2,22-05-2024,,,,,,,,,,
47,10087,38,5,22-09-2024,,,,,,,,,,
48,10191,12,1,16-12-2024,,,,,,,,,,
49,10493,7,3,24-10-2024,,,,,,,,,,
50,10868,16,1,18-02-2025,,,,,,,,,,
51,10642,24,3,20-08-2024,,,,,,,,,,
52,10437,4,3,25-11-2024,,,,,,,,,,
53,10227,44,4,30-12-2024,,,,,,,,,,
54,10835,16,3,16-03-2025,,,,,,,,,,
55,10062,11,4,14-08-2024,,,,,,,,,,
56,10334,24,1,21-07-2024,,,,,,,,,,
57,10429,49,3,12-01-2025,,,,,,,,,,
58,10592,11,2,20-09-2024,,,,,,,,,,
59,10019,8,1,08-02-2025,,,,,,,,,,
60,10736,14,4,02-12-2024,,,,,,,,,,
61,10400,44,1,15-12-2024,,,,,,,,,,
62,10602,67,4,14-12-2024,,,,,,,,,,
63,10711,59,1,04-05-2024,,,,,,,,,,
64,10865,67,2,05-07-2024,,,,,,,,,,
65,10667,37,2,01-10-2024,,,,,,,,,,
66,10501,11,2,19-07-2024,,,,,,,,,,
67,10896,61,4,06-07-2024,,,,,,,,,,
68,10936,15,1,08-11-2024,,,,,,,,,,
69,10658,27,5,25-11-2024,,,,,,,,,,
70,10823,50,3,15-12-2024,,,,,,,,,,
71,10184,53,2,21-05-2024,,,,,,,,,,
72,10223,17,3,12-06-2024,,,,,,,,,,
73,10351,35,3,24-04-2024,,,,,,,,,,
74,10276,41,1,22-06-2024,,,,,,,,,,
75,10664,29,1,03-11-2024,,,,,,,,,,
76,10546,59,5,02-01-2025,,,,,,,,,,
77,10112,66,1,22-03-2025,,,,,,,,,,
78,10742,15,1,24-10-2024,,,,,,,,,,
79,10789,66,1,15-11-2024,,,,,,,,,,
80,10115,38,3,28-12-2024,,,,,,,,,,
81,10413,35,5,19-03-2025,,,,,,,,,,
82,10605,43,4,03-04-2024,,,,,,,,,,
83,10419,67,1,03-03-2025,,,,,,,,,,
84,10816,53,5,16-07-2024,,,,,,,,,,
85,10873,35,1,24-03-2025,,,,,,,,,,
86,10681,51,5,22-04-2024,,,,,,,,,,
87,10596,48,1,26-03-2025,,,,,,,,,,
88,10780,23,5,19-11-2024,,,,,,,,,,
89,10199,7,2,10-07-2024,,,,,,,,,,
90,10135,1,2,27-08-2024,,,,,,,,,,
91,10766,1,5,19-04-2024,,,,,,,,,,
92,10570,70,1,08-06-2024,,,,,,,,,,
93,10038,28,4,07-01-2025,,,,,,,,,,
94,10706,43,5,02-11-2024,,,,,,,,,,
95,10177,3,5,10-03-2025,,,,,,,,,,
96,10579,42,2,18-05-2024,,,,,,,,,,
97,10397,33,3,04-04-2024,,,,,,,,,,
98,10856,39,1,09-05-2024,,,,,,,,,,
99,10598,7,3,10-05-2024,,,,,,,,,,
100,10685,10,2,20-04-2024,,,,,,,,,,
101,10411,12,1,01-05-2024,,,,,,,,,,
102,10257,66,5,13-03-2025,,,,,,,,,,
103,10633,9,5,04-09-2024,,,,,,,,,,
104,10870,42,5,19-06-2024,,,,,,,,,,
105,10593,11,4,18-02-2025,,,,,,,,,,
106,10325,46,5,06-10-2024,,,,,,,,,,
107,10396,13,4,24-06-2024,,,,,,,,,,
108,10648,39,3,06-04-2024,,,,,,,,,,
109,10798,56,5,27-10-2024,,,,,,,,,,
110,10972,28,1,21-07-2024,,,,,,,,,,
111,10536,43,1,27-12-2024,,,,,,,,,,
112,10727,9,4,16-10-2024,,,,,,,,,,
113,10205,41,1,04-06-2024,,,,,,,,,,
114,10743,33,4,07-10-2024,,,,,,,,,,
115,10099,22,5,05-07-2024,,,,,,,,,,
116,10762,3,2,07-12-2024,,,,,,,,,,
117,10416,27,4,26-11-2024,,,,,,,,,,
118,10597,42,2,18-09-2024,,,,,,,,,,
119,10775,16,4,29-06-2024,,,,,,,,,,
120,10216,55,1,10-12-2024,,,,,,,,,,
121,10089,48,1,06-06-2024,,,,,,,,,,
122,10218,59,2,26-04-2024,,,,,,,,,,
123,10930,39,1,30-05-2024,,,,,,,,,,
124,10142,39,1,05-03-2025,,,,,,,,,,
125,10854,33,3,17-06-2024,,,,,,,,,,
126,10073,58,5,26-09-2024,,,,,,,,,,
127,10294,20,2,28-06-2024,,,,,,,,,,
128,10321,69,5,22-10-2024,,,,,,,,,,
129,10274,28,3,19-03-2025,,,,,,,,,,
130,10687,40,3,16-04-2024,,,,,,,,,,
131,10957,1,2,21-10-2024,,,,,,,,,,
132,10920,31,4,25-03-2025,,,,,,,,,,
133,10728,40,4,02-03-2025,,,,,,,,,,
134,10029,43,4,11-02-2025,,,,,,,,,,
135,10733,49,2,04-11-2024,,,,,,,,,,
136,10978,31,1,06-11-2024,,,,,,,,,,
137,10519,65,5,18-05-2024,,,,,,,,,,
138,10277,60,2,17-07-2024,,,,,,,,,,
139,10899,39,2,12-07-2024,,,,,,,,,,
140,10945,10,5,12-10-2024,,,,,,,,,,
141,10947,53,4,25-11-2024,,,,,,,,,,
142,10820,62,1,24-05-2024,,,,,,,,,,
143,10414,70,4,24-12-2024,,,,,,,,,,
144,10590,67,4,09-06-2024,,,,,,,,,,
145,10210,43,4,30-07-2024,,,,,,,,,,
146,10299,11,3,01-01-2025,,,,,,,,,,
147,10236,45,3,02-06-2024,,,,,,,,,,
148,10918,33,5,01-08-2024,,,,,,,,,,
149,10700,29,4,15-03-2025,,,,,,,,,,
150,10886,45,2,23-11-2024,,,,,,,,,,
151,10872,52,4,05-10-2024,,,,,,,,,,
152,10753,67,2,17-07-2024,,,,,,,,,,
153,10359,33,2,03-12-2024,,,,,,,,,,
154,10838,15,5,23-04-2024,,,,,,,,,,
155,10911,68,2,23-02-2025,,,,,,,,,,
156,10992,62,3,27-07-2024,,,,,,,,,,
157,10389,34,2,12-12-2024,,,,,,,,,,
158,10122,55,5,10-04-2024,,,,,,,,,,
159,10342,27,4,02-06-2024,,,,,,,,,,
160,10133,9,4,07-12-2024,,,,,,,,,,
161,10476,47,2,12-11-2024,,,,,,,,,,
162,10562,15,5,07-02-2025,,,,,,,,,,
163,10331,66,1,03-01-2025,,,,,,,,,,
164,10212,1,1,27-06-2024,,,,,,,,,,
165,10092,11,4,23-06-2024,,,,,,,,,,
166,10108,22,1,25-12-2024,,,,,,,,,,
167,10185,54,4,03-10-2024,,,,,,,,,,
168,10620,48,4,19-08-2024,,,,,,,,,,
169,10345,55,5,22-07-2024,,,,,,,,,,
170,10840,37,5,30-10-2024,,,,,,,,,,
171,10654,29,4,09-04-2024,,,,,,,,,,
172,10478,53,4,10-02-2025,,,,,,,,,,
173,10615,3,4,22-08-2024,,,,,,,,,,
174,10588,56,4,04-07-2024,,,,,,,,,,
175,10975,3,4,26-11-2024,,,,,,,,,,
176,10704,61,2,06-09-2024,,,,,,,,,,
177,10044,20,5,06-09-2024,,,,,,,,,,
178,10802,39,5,18-07-2024,,,,,,,,,,
179,10441,50,5,21-03-2025,,,,,,,,,,
180,10243,47,3,18-09-2024,,,,,,,,,,
181,10005,58,3,31-08-2024,,,,,,,,,,
182,10511,26,2,09-07-2024,,,,,,,,,,
183,10604,64,5,04-08-2024,,,,,,,,,,
184,10535,29,4,23-09-2024,,,,,,,,,,
185,10221,68,5,05-03-2025,,,,,,,,,,
186,10693,20,2,03-02-2025,,,,,,,,,,
187,10072,55,5,11-06-2024,,,,,,,,,,
188,10631,46,3,02-03-2025,,,,,,,,,,
189,10235,16,5,31-01-2025,,,,,,,,,,
190,10806,59,3,26-11-2024,,,,,,,,,,
191,10651,16,2,13-04-2024,,,,,,,,,,
192,10824,61,3,12-06-2024,,,,,,,,,,
193,10286,10,3,17-07-2024,,,,,,,,,,
194,10082,17,2,20-05-2024,,,,,,,,,,
195,10473,52,2,19-08-2024,,,,,,,,,,
196,10951,18,1,15-11-2024,,,,,,,,,,
197,10220,64,1,24-07-2024,,,,,,,,,,
198,10238,9,1,04-08-2024,,,,,,,,,,
199,10188,33,1,06-01-2025,,,,,,,,,,
200,10427,20,4,04-04-2024,,,,,,,,,,
201,10558,67,2,30-06-2024,,,,,,,,,,
202,10164,22,1,18-06-2024,,,,,,,,,,
203,10976,45,3,21-10-2024,,,,,,,,,,
204,10428,11,1,19-06-2024,,,,,,,,,,
205,10222,9,3,22-10-2024,,,,,,,,,,
206,10565,23,5,06-09-2024,,,,,,,,,,
207,10653,24,1,20-01-2025,,,,,,,,,,
208,10189,69,3,04-01-2025,,,,,,,,,,
209,10573,61,5,01-02-2025,,,,,,,,,,
210,10289,59,5,28-01-2025,,,,,,,,,,
211,10811,30,5,25-03-2025,,,,,,,,,,
212,10463,8,1,05-03-2025,,,,,,,,,,
213,10285,49,3,04-03-2025,,,,,,,,,,
214,10885,33,4,27-06-2024,,,,,,,,,,
215,10484,59,4,14-07-2024,,,,,,,,,,
216,10937,34,1,20-09-2024,,,,,,,,,,
217,10347,56,3,19-07-2024,,,,,,,,,,
218,10058,28,1,28-05-2024,,,,,,,,,,
219,10417,4,2,07-04-2024,,,,,,,,,,
220,10022,23,3,29-07-2024,,,,,,,,,,
221,10577,46,5,01-09-2024,,,,,,,,,,
222,10363,62,4,05-02-2025,,,,,,,,,,
223,10254,10,2,15-04-2024,,,,,,,,,,
224,10964,46,2,28-11-2024,,,,,,,,,,
225,10550,64,4,28-10-2024,,,,,,,,,,
226,10424,4,3,04-03-2025,,,,,,,,,,
227,10669,60,1,10-09-2024,,,,,,,,,,
228,10393,33,2,04-10-2024,,,,,,,,,,
229,10524,57,3,04-08-2024,,,,,,,,,,
230,10760,39,1,08-11-2024,,,,,,,,,,
231,10032,22,2,04-04-2024,,,,,,,,,,
232,10368,6,4,10-05-2024,,,,,,,,,,
233,10512,31,5,30-10-2024,,,,,,,,,,
234,10509,24,4,20-01-2025,,,,,,,,,,
235,10121,63,3,13-12-2024,,,,,,,,,,
236,10303,64,4,18-02-2025,,,,,,,,,,
237,10034,69,4,10-04-2024,,,,,,,,,,
238,10350,23,5,09-01-2025,,,,,,,,,,
239,10357,52,1,05-05-2024,,,,,,,,,,
240,10611,47,2,23-11-2024,,,,,,,,,,
241,10817,9,4,14-05-2024,,,,,,,,,,
242,10398,7,2,09-05-2024,,,,,,,,,,
243,10940,1,2,13-04-2024,,,,,,,,,,
244,10761,35,4,24-06-2024,,,,,,,,,,
245,10033,63,1,23-05-2024,,,,,,,,,,
246,10348,35,1,19-07-2024,,,,,,,,,,
247,10777,26,5,01-08-2024,,,,,,,,,,
248,10494,42,1,17-05-2024,,,,,,,,,,
249,10111,50,2,25-01-2025,,,,,,,,,,
250,10876,15,4,09-07-2024,,,,,,,,,,
251,10776,67,4,05-06-2024,,,,,,,,,,
252,10904,3,5,25-04-2024,,,,,,,,,,
253,10616,69,1,15-10-2024,,,,,,,,,,
254,10132,27,5,11-12-2024,,,,,,,,,,
255,10897,63,3,21-08-2024,,,,,,,,,,
256,10240,1,4,15-01-2025,,,,,,,,,,
257,10281,55,1,13-07-2024,,,,,,,,,,
258,10369,18,3,19-10-2024,,,,,,,,,,
259,10955,20,1,06-11-2024,,,,,,,,,,
260,10215,36,5,06-04-2024,,,,,,,,,,
261,10744,37,4,11-02-2025,,,,,,,,,,
262,10778,49,1,19-12-2024,,,,,,,,,,
263,10065,57,1,09-08-2024,,,,,,,,,,
264,10101,53,3,07-03-2025,,,,,,,,,,
265,10928,59,1,22-09-2024,,,,,,,,,,
266,10907,52,5,03-10-2024,,,,,,,,,,
267,10980,25,4,26-10-2024,,,,,,,,,,
268,10457,6,4,07-08-2024,,,,,,,,,,
269,10571,20,5,25-03-2025,,,,,,,,,,
270,10066,29,4,11-09-2024,,,,,,,,,,
271,10059,8,4,25-09-2024,,,,,,,,,,
272,10335,7,4,29-09-2024,,,,,,,,,,
273,10109,32,5,28-06-2024,,,,,,,,,,
274,10879,57,1,19-01-2025,,,,,,,,,,
275,10527,8,1,19-01-2025,,,,,,,,,,
276,10703,29,1,08-08-2024,,,,,,,,,,
277,10041,44,3,31-07-2024,,,,,,,,,,
278,10456,19,4,21-03-2025,,,,,,,,,,
279,10453,51,5,30-01-2025,,,,,,,,,,
280,10499,49,1,25-05-2024,,,,,,,,,,
281,10663,28,4,30-05-2024,,,,,,,,,,
282,10477,42,5,01-11-2024,,,,,,,,,,
283,10906,69,5,13-03-2025,,,,,,,,,,
284,10965,34,4,18-06-2024,,,,,,,,,,
285,10461,18,2,31-05-2024,,,,,,,,,,
286,10090,39,5,24-09-2024,,,,,,,,,,
287,10123,65,4,30-01-2025,,,,,,,,,,
288,10607,64,3,16-04-2024,,,,,,,,,,
289,10745,31,1,28-11-2024,,,,,,,,,,
290,10233,51,2,29-11-2024,,,,,,,,,,
291,10883,45,3,24-01-2025,,,,,,,,,,
292,10049,67,3,08-09-2024,,,,,,,,,,
293,10677,5,2,23-03-2025,,,,,,,,,,
294,10738,29,4,26-07-2024,,,,,,,,,,
295,10699,51,2,10-07-2024,,,,,,,,,,
296,10898,10,4,10-05-2024,,,,,,,,,,
297,10640,19,4,14-12-2024,,,,,,,,,,
298,10048,16,3,21-05-2024,,,,,,,,,,
299,10190,33,4,14-04-2024,,,,,,,,,,
300,10878,44,3,06-10-2024,,,,,,,,,,
301,10958,7,5,12-06-2024,,,,,,,,,,
302,10474,27,2,15-11-2024,,,,,,,,,,
303,10485,14,3,14-03-2025,,,,,,,,,,
304,10158,47,3,25-02-2025,,,,,,,,,,
305,10625,42,2,01-08-2024,,,,,,,,,,
306,10795,21,1,07-04-2024,,,,,,,,,,
307,10263,15,2,29-07-2024,,,,,,,,,,
308,10712,42,4,05-04-2024,,,,,,,,,,
309,10408,3,5,11-01-2025,,,,,,,,,,
310,10696,1,1,13-03-2025,,,,,,,,,,
311,10673,45,1,10-09-2024,,,,,,,,,,
312,10165,55,2,08-12-2024,,,,,,,,,,
313,10405,23,3,09-09-2024,,,,,,,,,,
314,10153,67,1,18-01-2025,,,,,,,,,,
315,10253,61,4,31-12-2024,,,,,,,,,,
316,10836,37,4,09-11-2024,,,,,,,,,,
317,10160,49,3,07-05-2024,,,,,,,,,,
318,10901,10,2,14-06-2024,,,,,,,,,,
319,10880,27,4,31-10-2024,,,,,,,,,,
320,10129,68,2,04-05-2024,,,,,,,,,,
321,10172,46,5,23-12-2024,,,,,,,,,,
322,10740,19,2,01-11-2024,,,,,,,,,,
323,10927,51,3,18-03-2025,,,,,,,,,,
324,10627,22,5,12-12-2024,,,,,,,,,,
325,10979,49,3,21-01-2025,,,,,,,,,,
326,10803,5,3,22-04-2024,,,,,,,,,,
327,10688,39,5,15-05-2024,,,,,,,,,,
328,10249,27,4,10-12-2024,,,,,,,,,,
329,10498,24,3,29-03-2025,,,,,,,,,,
330,10178,3,2,21-10-2024,,,,,,,,,,
331,10252,14,5,12-07-2024,,,,,,,,,,
332,10929,6,2,12-06-2024,,,,,,,,,,
333,10786,11,5,09-11-2024,,,,,,,,,,
334,10721,1,5,19-07-2024,,,,,,,,,,
335,10012,68,5,28-06-2024,,,,,,,,,,
336,10207,70,1,12-11-2024,,,,,,,,,,
337,10735,2,1,14-04-2024,,,,,,,,,,
338,10917,41,2,11-09-2024,,,,,,,,,,
339,10113,41,2,05-03-2025,,,,,,,,,,
340,10052,53,3,27-07-2024,,,,,,,,,,
341,10421,8,5,21-04-2024,,,,,,,,,,
342,10889,50,5,21-11-2024,,,,,,,,,,
343,10069,10,1,23-07-2024,,,,,,,,,,
344,10961,21,1,21-06-2024,,,,,,,,,,
345,10805,54,3,03-11-2024,,,,,,,,,,
346,10969,35,1,01-11-2024,,,,,,,,,,
347,10096,70,5,28-10-2024,,,,,,,,,,
348,10021,38,2,12-04-2024,,,,,,,,,,
349,10358,19,5,25-02-2025,,,,,,,,,,
350,10849,26,3,01-01-2025,,,,,,,,,,
351,10383,45,3,07-07-2024,,,,,,,,,,
352,10752,51,3,23-05-2024,,,,,,,,,,
353,10682,39,5,03-10-2024,,,,,,,,,,
354,10716,23,1,23-09-2024,,,,,,,,,,
355,10520,38,2,15-10-2024,,,,,,,,,,
356,10483,35,4,21-07-2024,,,,,,,,,,
357,10097,49,1,28-04-2024,,,,,,,,,,
358,10887,6,4,28-04-2024,,,,,,,,,,
359,10922,2,5,11-10-2024,,,,,,,,,,
360,10086,36,4,20-03-2025,,,,,,,,,,
361,10657,36,3,13-12-2024,,,,,,,,,,
362,10666,15,1,14-07-2024,,,,,,,,,,
363,10575,25,1,23-12-2024,,,,,,,,,,
364,10746,42,4,07-05-2024,,,,,,,,,,
365,10023,51,2,17-06-2024,,,,,,,,,,
366,10587,31,1,02-10-2024,,,,,,,,,,
367,10678,34,2,19-04-2024,,,,,,,,,,
368,10367,66,4,01-06-2024,,,,,,,,,,
369,10953,65,5,09-01-2025,,,,,,,,,,
370,10926,45,2,08-07-2024,,,,,,,,,,
371,10628,54,5,16-10-2024,,,,,,,,,,
372,10230,30,1,18-11-2024,,,,,,,,,,
373,10237,36,4,13-07-2024,,,,,,,,,,
374,10214,56,5,30-11-2024,,,,,,,,,,
375,10213,26,1,24-09-2024,,,,,,,,,,
376,10311,43,1,19-09-2024,,,,,,,,,,
377,10986,60,3,18-12-2024,,,,,,,,,,
378,10923,45,4,27-01-2025,,,,,,,,,,
379,10988,5,2,02-08-2024,,,,,,,,,,
380,10217,38,1,23-08-2024,,,,,,,,,,
381,10260,53,4,22-12-2024,,,,,,,,,,
382,10557,14,4,14-11-2024,,,,,,,,,,
383,10674,30,1,08-05-2024,,,,,,,,,,
384,10170,17,4,11-05-2024,,,,,,,,,,
385,10131,40,2,04-01-2025,,,,,,,,,,
386,10162,30,3,12-05-2024,,,,,,,,,,
387,10319,50,2,07-02-2025,,,,,,,,,,
388,10796,34,1,12-01-2025,,,,,,,,,,
389,10661,14,1,09-11-2024,,,,,,,,,,
390,10710,54,5,22-10-2024,,,,,,,,,,
391,10006,31,4,16-04-2024,,,,,,,,,,
392,10818,10,5,22-08-2024,,,,,,,,,,
393,10834,37,3,06-09-2024,,,,,,,,,,
394,10882,65,5,05-02-2025,,,,,,,,,,
395,10714,16,3,27-05-2024,,,,,,,,,,
396,10725,34,1,23-11-2024,,,,,,,,,,
397,10167,49,4,16-04-2024,,,,,,,,,,
398,10804,49,2,20-07-2024,,,,,,,,,,
399,10490,12,1,15-05-2024,,,,,,,,,,
400,10255,47,3,11-11-2024,,,,,,,,,,
401,10284,46,2,12-01-2025,,,,,,,,,,
402,10380,43,2,30-08-2024,,,,,,,,,,
403,10081,22,4,26-10-2024,,,,,,,,,,
404,10808,68,5,06-09-2024,,,,,,,,,,
405,10206,37,3,02-04-2024,,,,,,,,,,
406,10295,45,2,17-07-2024,,,,,,,,,,
407,10373,14,1,14-06-2024,,,,,,,,,,
408,10800,22,3,10-08-2024,,,,,,,,,,
409,10163,27,1,17-12-2024,,,,,,,,,,
410,10151,67,4,27-01-2025,,,,,,,,,,
411,10434,59,4,12-09-2024,,,,,,,,,,
412,10554,51,5,02-08-2024,,,,,,,,,,
413,10343,43,5,25-07-2024,,,,,,,,,,
414,10902,46,5,18-02-2025,,,,,,,,,,
415,10297,65,5,17-07-2024,,,,,,,,,,
416,10401,46,4,04-09-2024,,,,,,,,,,
417,10963,8,5,24-03-2025,,,,,,,,,,
418,10187,45,5,18-01-2025,,,,,,,,,,
419,10515,58,1,08-02-2025,,,,,,,,,,
420,10292,35,5,22-04-2024,,,,,,,,,,
421,10569,15,5,12-04-2024,,,,,,,,,,
422,10328,59,4,02-08-2024,,,,,,,,,,
423,10454,9,3,09-09-2024,,,,,,,,,,
424,10364,18,5,17-06-2024,,,,,,,,,,
425,10459,30,4,04-04-2024,,,,,,,,,,
426,10544,21,5,02-10-2024,,,,,,,,,,
427,10502,62,3,21-10-2024,,,,,,,,,,
428,10828,33,4,18-03-2025,,,,,,,,,,
429,10088,45,4,17-08-2024,,,,,,,,,,
430,10118,26,2,18-10-2024,,,,,,,,,,
431,10895,41,5,01-06-2024,,,,,,,,,,
432,10578,55,5,03-07-2024,,,,,,,,,,
433,10273,55,2,05-09-2024,,,,,,,,,,
434,10547,61,2,31-12-2024,,,,,,,,,,
435,10007,24,4,11-04-2024,,,,,,,,,,
436,9999,7,3,06-02-2025,,,,,,,,,,
437,10182,12,4,14-04-2024,,,,,,,,,,
438,10166,6,5,06-04-2024,,,,,,,,,,
439,10751,28,5,21-04-2024,,,,,,,,,,
440,10384,46,1,02-01-2025,,,,,,,,,,
441,10952,24,2,29-05-2024,,,,,,,,,,
442,10492,50,4,26-04-2024,,,,,,,,,,
443,10715,43,4,29-11-2024,,,,,,,,,,
444,10316,26,5,14-11-2024,,,,,,,,,,
445,10008,29,4,28-07-2024,,,,,,,,,,
446,10500,49,4,29-11-2024,,,,,,,,,,
447,10564,51,1,28-12-2024,,,,,,,,,,
448,10737,69,5,12-11-2024,,,,,,,,,,
449,10430,4,5,14-06-2024,,,,,,,,,,
450,10291,7,1,17-06-2024,,,,,,,,,,
451,10981,45,3,24-07-2024,,,,,,,,,,
452,10925,64,1,22-03-2025,,,,,,,,,,
453,10933,41,3,22-10-2024,,,,,,,,,,
454,10479,37,1,05-06-2024,,,,,,,,,,
455,10360,67,2,20-04-2024,,,,,,,,,,
456,10718,58,3,30-03-2025,,,,,,,,,,
457,10585,22,3,13-10-2024,,,,,,,,,,
458,10067,57,4,05-11-2024,,,,,,,,,,
459,10813,63,3,25-12-2024,,,,,,,,,,
460,10183,67,5,19-05-2024,,,,,,,,,,
461,10282,40,1,23-05-2024,,,,,,,,,,
462,10851,17,3,27-08-2024,,,,,,,,,,
463,10888,31,5,18-10-2024,,,,,,,,,,
464,10867,58,2,14-06-2024,,,,,,,,,,
465,10105,44,4,19-09-2024,,,,,,,,,,
466,10794,52,5,30-09-2024,,,,,,,,,,
467,10433,22,1,15-02-2025,,,,,,,,,,
468,10250,11,4,14-05-2024,,,,,,,,,,
469,10079,57,2,05-12-2024,,,,,,,,,,
470,10136,66,3,15-07-2024,,,,,,,,,,
471,10110,18,4,21-10-2024,,,,,,,,,,
472,10934,1,5,18-07-2024,,,,,,,,,,
473,10394,36,5,31-08-2024,,,,,,,,,,
474,10839,68,1,19-11-2024,,,,,,,,,,
475,10195,61,4,12-11-2024,,,,,,,,,,
476,10143,68,4,04-06-2024,,,,,,,,,,
477,10126,24,3,10-01-2025,,,,,,,,,,
478,10043,6,5,19-05-2024,,,,,,,,,,
479,10697,54,3,08-02-2025,,,,,,,,,,
480,10116,48,4,21-09-2024,,,,,,,,,,
481,10488,21,3,03-05-2024,,,,,,,,,,
482,10445,44,3,20-06-2024,,,,,,,,,,
483,10495,45,1,21-07-2024,,,,,,,,,,
484,10942,33,1,23-05-2024,,,,,,,,,,
485,10054,61,3,23-10-2024,,,,,,,,,,
486,10503,12,5,29-04-2024,,,,,,,,,,
487,10149,7,4,27-11-2024,,,,,,,,,,
488,10541,46,4,12-01-2025,,,,,,,,,,
489,10655,17,3,15-12-2024,,,,,,,,,,
490,10497,62,3,12-08-2024,,,,,,,,,,
491,10329,6,1,05-12-2024,,,,,,,,,,
492,10318,61,1,28-08-2024,,,,,,,,,,
493,10812,44,3,13-08-2024,,,,,,,,,,
494,10799,10,1,27-10-2024,,,,,,,,,,
495,10438,70,2,17-06-2024,,,,,,,,,,
496,10310,67,4,27-10-2024,,,,,,,,,,
497,10617,33,5,14-01-2025,,,,,,,,,,
498,10229,45,3,26-01-2025,,,,,,,,,,
499,10877,45,2,28-01-2025,,,,,,,,,,
500,10635,45,5,22-09-2024,,,,,,,,,,
501,10333,70,1,30-12-2024,,,,,,,,,,
502,10193,49,4,17-12-2024,,,,,,,,,,
503,10932,8,4,21-07-2024,,,,,,,,,,
504,10075,5,5,10-08-2024,,,,,,,,,,
505,10837,8,1,19-01-2025,,,,,,,,,,
506,10931,64,1,13-11-2024,,,,,,,,,,
507,10004,17,2,07-06-2024,,,,,,,,,,
508,10264,69,2,25-09-2024,,,,,,,,,,
509,10201,18,1,14-08-2024,,,,,,,,,,
510,10068,66,4,10-12-2024,,,,,,,,,,
511,10204,1,2,11-01-2025,,,,,,,,,,
512,10841,46,5,30-11-2024,,,,,,,,,,
513,10120,27,5,02-11-2024,,,,,,,,,,
514,10574,44,5,04-04-2024,,,,,,,,,,
515,10734,15,4,25-07-2024,,,,,,,,,,
516,10971,53,1,19-10-2024,,,,,,,,,,
517,10365,39,3,13-04-2024,,,,,,,,,,
518,10159,47,5,10-12-2024,,,,,,,,,,
519,10637,25,2,22-01-2025,,,,,,,,,,
520,10300,35,1,01-03-2025,,,,,,,,,,
521,10104,41,1,29-09-2024,,,,,,,,,,
522,10982,2,2,05-12-2024,,,,,,,,,,
523,10139,34,5,19-08-2024,,,,,,,,,,
524,10134,65,4,06-07-2024,,,,,,,,,,
525,10423,50,4,24-10-2024,,,,,,,,,,
526,10148,29,1,04-06-2024,,,,,,,,,,
527,10466,17,5,30-03-2025,,,,,,,,,,
528,10270,25,5,27-08-2024,,,,,,,,,,
529,10763,11,1,29-12-2024,,,,,,,,,,
530,10630,27,5,26-12-2024,,,,,,,,,,
531,10293,59,1,22-07-2024,,,,,,,,,,
532,10173,12,1,21-09-2024,,,,,,,,,,
533,10563,55,4,18-11-2024,,,,,,,,,,
534,10857,34,2,25-04-2024,,,,,,,,,,
535,10892,37,2,15-12-2024,,,,,,,,,,
536,10322,34,2,16-02-2025,,,,,,,,,,
537,10891,35,5,29-11-2024,,,,,,,,,,
538,10726,43,1,30-12-2024,,,,,,,,,,
539,10324,24,5,02-08-2024,,,,,,,,,,
540,10381,69,5,01-09-2024,,,,,,,,,,
541,10000,43,4,28-01-2025,,,,,,,,,,
542,10833,36,5,24-11-2024,,,,,,,,,,
543,10412,48,4,31-08-2024,,,,,,,,,,
544,10650,42,4,25-10-2024,,,,,,,,,,
545,10258,44,5,23-10-2024,,,,,,,,,,
546,10997,21,2,17-12-2024,,,,,,,,,,
547,10881,13,1,29-04-2024,,,,,,,,,,
548,10821,34,3,16-11-2024,,,,,,,,,,
549,10014,51,1,05-09-2024,,,,,,,,,,
550,10448,1,3,31-01-2025,,,,,,,,,,
551,10280,24,1,29-04-2024,,,,,,,,,,
552,10245,44,2,03-01-2025,,,,,,,,,,
553,10583,67,2,13-06-2024,,,,,,,,,,
554,10026,70,4,02-09-2024,,,,,,,,,,
555,10924,55,4,18-05-2024,,,,,,,,,,
556,10208,57,3,11-07-2024,,,,,,,,,,
557,10695,11,2,04-06-2024,,,,,,,,,,
558,10409,36,1,11-01-2025,,,,,,,,,,
559,10995,55,2,22-09-2024,,,,,,,,,,
560,10259,29,3,23-02-2025,,,,,,,,,,
561,10528,22,3,25-06-2024,,,,,,,,,,
562,10748,62,5,07-03-2025,,,,,,,,,,
563,10826,12,1,25-06-2024,,,,,,,,,,
564,10030,70,3,22-03-2025,,,,,,,,,,
565,10830,44,3,06-08-2024,,,,,,,,,,
566,10489,30,4,26-02-2025,,,,,,,,,,
567,10107,59,3,07-02-2025,,,,,,,,,,
568,10309,54,2,04-09-2024,,,,,,,,,,
569,10576,13,3,01-05-2024,,,,,,,,,,
570,10015,3,1,26-08-2024,,,,,,,,,,
571,10532,42,2,17-01-2025,,,,,,,,,,
572,10057,14,5,25-10-2024,,,,,,,,,,
573,10946,65,3,02-02-2025,,,,,,,,,,
574,10076,50,3,24-06-2024,,,,,,,,,,
575,10125,69,5,17-04-2024,,,,,,,,,,
576,10553,50,1,09-05-2024,,,,,,,,,,
577,10339,43,3,23-01-2025,,,,,,,,,,
578,10130,66,1,19-02-2025,,,,,,,,,,
579,10756,5,2,07-10-2024,,,,,,,,,,
580,10537,13,1,02-03-2025,,,,,,,,,,
581,10871,6,3,25-11-2024,,,,,,,,,,
582,10036,37,4,05-08-2024,,,,,,,,,,
583,10717,3,2,21-12-2024,,,,,,,,,,
584,10349,15,1,02-10-2024,,,,,,,,,,
585,10231,68,5,06-04-2024,,,,,,,,,,
586,10301,60,2,21-01-2025,,,,,,,,,,
587,10308,26,4,03-02-2025,,,,,,,,,,
588,10586,54,1,08-02-2025,,,,,,,,,,
589,10626,64,3,19-10-2024,,,,,,,,,,
590,10458,66,4,26-01-2025,,,,,,,,,,
591,10792,11,4,11-01-2025,,,,,,,,,,
592,10085,58,5,28-12-2024,,,,,,,,,,
593,10698,2,5,20-11-2024,,,,,,,,,,
594,10505,54,2,20-01-2025,,,,,,,,,,
595,10829,34,5,18-09-2024,,,,,,,,,,
596,10390,43,2,18-08-2024,,,,,,,,,,
597,10362,17,4,21-06-2024,,,,,,,,,,
598,10741,65,3,23-05-2024,,,,,,,,,,
599,10755,44,4,03-06-2024,,,,,,,,,,
600,10100,67,5,11-08-2024,,,,,,,,,,
601,10858,45,1,31-08-2024,,,,,,,,,,
602,10679,26,1,02-08-2024,,,,,,,,,,
603,10634,64,4,23-12-2024,,,,,,,,,,
604,10039,27,3,06-07-2024,,,,,,,,,,
605,10268,56,1,01-03-2025,,,,,,,,,,
606,10247,22,4,22-09-2024,,,,,,,,,,
607,10352,42,4,20-06-2024,,,,,,,,,,
608,10749,66,1,11-10-2024,,,,,,,,,,
609,10542,64,4,19-10-2024,,,,,,,,,,
610,10435,46,3,13-04-2024,,,,,,,,,,
611,10290,36,3,23-11-2024,,,,,,,,,,
612,10407,65,4,07-10-2024,,,,,,,,,,
613,10552,13,2,13-08-2024,,,,,,,,,,
614,10071,41,5,11-07-2024,,,,,,,,,,
615,10559,54,3,17-02-2025,,,,,,,,,,
616,10467,56,3,04-08-2024,,,,,,,,,,
617,10327,63,1,01-10-2024,,,,,,,,,,
618,10983,20,1,23-02-2025,,,,,,,,,,
619,10689,2,5,30-07-2024,,,,,,,,,,
620,10638,4,2,12-09-2024,,,,,,,,,,
621,10782,57,1,13-08-2024,,,,,,,,,,
622,10516,18,5,19-07-2024,,,,,,,,,,
623,10513,69,2,06-07-2024,,,,,,,,,,
624,10341,5,2,26-03-2025,,,,,,,,,,
625,10341,25,1,26-03-2025,,,,,,,,,,
626,10444,55,3,31-08-2024,,,,,,,,,,
627,10444,22,2,31-08-2024,,,,,,,,,,
628,10264,70,1,25-09-2024,,,,,,,,,,
629,10139,19,1,19-08-2024,,,,,,,,,,
630,10880,65,3,31-10-2024,,,,,,,,,,
631,10918,5,3,01-08-2024,,,,,,,,,,
632,10368,24,2,10-05-2024,,,,,,,,,,
633,10906,55,5,13-03-2025,,,,,,,,,,
634,10737,50,4,12-11-2024,,,,,,,,,,
635,10816,63,4,16-07-2024,,,,,,,,,,
636,10624,4,3,20-06-2024,,,,,,,,,,
637,10324,15,5,02-08-2024,,,,,,,,,,
638,10295,25,4,17-07-2024,,,,,,,,,,
639,10564,9,4,28-12-2024,,,,,,,,,,
640,10223,45,3,12-06-2024,,,,,,,,,,
641,10210,12,1,30-07-2024,,,,,,,,,,
642,10693,40,3,03-02-2025,,,,,,,,,,
643,10942,62,1,23-05-2024,,,,,,,,,,
644,10687,10,5,16-04-2024,,,,,,,,,,
645,10710,31,2,22-10-2024,,,,,,,,,,
646,10927,30,5,18-03-2025,,,,,,,,,,
647,10932,40,5,21-07-2024,,,,,,,,,,
648,10343,39,5,25-07-2024,,,,,,,,,,
649,10259,59,4,23-02-2025,,,,,,,,,,
650,10789,36,2,15-11-2024,,,,,,,,,,
651,10360,11,3,20-04-2024,,,,,,,,,,
652,10577,58,3,01-09-2024,,,,,,,,,,
653,10816,66,4,16-07-2024,,,,,,,,,,
654,10430,12,5,14-06-2024,,,,,,,,,,
655,10062,48,2,14-08-2024,,,,,,,,,,
656,10711,53,3,04-05-2024,,,,,,,,,,
657,10448,34,3,31-01-2025,,,,,,,,,,
658,10479,34,4,05-06-2024,,,,,,,,,,
659,10840,16,3,30-10-2024,,,,,,,,,,
660,10303,57,2,18-02-2025,,,,,,,,,,
661,10742,26,4,24-10-2024,,,,,,,,,,
662,10661,54,5,09-11-2024,,,,,,,,,,
663,10975,43,3,26-11-2024,,,,,,,,,,
664,10133,14,5,07-12-2024,,,,,,,,,,
665,10666,28,2,14-07-2024,,,,,,,,,,
666,10166,1,2,06-04-2024,,,,,,,,,,
667,10611,43,4,23-11-2024,,,,,,,,,,
668,10129,64,1,04-05-2024,,,,,,,,,,
669,10424,3,4,04-03-2025,,,,,,,,,,
670,10348,38,3,19-07-2024,,,,,,,,,,
671,10661,34,5,09-11-2024,,,,,,,,,,
672,10811,36,1,25-03-2025,,,,,,,,,,
673,10490,48,4,15-05-2024,,,,,,,,,,
674,10257,44,1,13-03-2025,,,,,,,,,,
675,10886,65,4,23-11-2024,,,,,,,,,,
676,10917,66,4,11-09-2024,,,,,,,,,,
677,10746,34,1,07-05-2024,,,,,,,,,,
678,10215,40,5,06-04-2024,,,,,,,,,,
679,10986,51,5,18-12-2024,,,,,,,,,,
680,10604,67,3,04-08-2024,,,,,,,,,,
681,10696,36,2,13-03-2025,,,,,,,,,,
682,10882,56,2,05-02-2025,,,,,,,,,,
683,10620,22,4,19-08-2024,,,,,,,,,,
684,10840,5,1,30-10-2024,,,,,,,,,,
685,10717,13,3,21-12-2024,,,,,,,,,,
686,10339,20,4,23-01-2025,,,,,,,,,,
687,10879,31,3,19-01-2025,,,,,,,,,,
688,10798,46,1,27-10-2024,,,,,,,,,,
689,10800,67,4,10-08-2024,,,,,,,,,,
690,10536,53,3,27-12-2024,,,,,,,,,,
691,10699,7,1,10-07-2024,,,,,,,,,,
692,10742,26,3,24-10-2024,,,,,,,,,,
693,10761,68,1,24-06-2024,,,,,,,,,,
694,10906,29,4,13-03-2025,,,,,,,,,,
695,10958,21,1,12-06-2024,,,,,,,,,,
696,10573,54,5,01-02-2025,,,,,,,,,,
697,10318,12,2,28-08-2024,,,,,,,,,,
698,10541,7,2,12-01-2025,,,,,,,,,,
699,10005,9,1,31-08-2024,,,,,,,,,,
700,10408,25,2,11-01-2025,,,,,,,,,,
701,10575,44,2,23-12-2024,,,,,,,,,,
702,10325,62,1,06-10-2024,,,,,,,,,,
703,10444,13,3,31-08-2024,,,,,,,,,,
704,10043,44,1,19-05-2024,,,,,,,,,,
705,10746,16,5,07-05-2024,,,,,,,,,,
706,10008,4,2,28-07-2024,,,,,,,,,,
707,10284,28,2,12-01-2025,,,,,,,,,,
708,10630,38,5,26-12-2024,,,,,,,,,,
709,10250,55,4,14-05-2024,,,,,,,,,,
710,10918,24,3,01-08-2024,,,,,,,,,,
711,10293,44,3,22-07-2024,,,,,,,,,,
712,10687,55,1,16-04-2024,,,,,,,,,,
713,10454,43,4,09-09-2024,,,,,,,,,,
714,10839,10,2,19-11-2024,,,,,,,,,,
715,10655,35,5,15-12-2024,,,,,,,,,,
716,10417,38,1,07-04-2024,,,,,,,,,,
717,10249,12,4,10-12-2024,,,,,,,,,,
718,10022,53,5,29-07-2024,,,,,,,,,,
719,10099,38,4,05-07-2024,,,,,,,,,,
720,10929,30,1,12-06-2024,,,,,,,,,,
721,10840,53,4,30-10-2024,,,,,,,,,,
722,10210,70,1,30-07-2024,,,,,,,,,,
723,10433,47,4,15-02-2025,,,,,,,,,,
724,10799,36,4,27-10-2024,,,,,,,,,,
725,10301,36,4,21-01-2025,,,,,,,,,,
726,10494,14,3,17-05-2024,,,,,,,,,,
727,10207,47,5,12-11-2024,,,,,,,,,,
728,10897,41,2,21-08-2024,,,,,,,,,,
729,10357,22,5,05-05-2024,,,,,,,,,,
730,10620,42,1,19-08-2024,,,,,,,,,,
731,10803,49,5,22-04-2024,,,,,,,,,,
732,10172,27,4,23-12-2024,,,,,,,,,,
733,10126,39,5,10-01-2025,,,,,,,,,,
734,10259,1,4,23-02-2025,,,,,,,,,,
735,10677,60,4,23-03-2025,,,,,,,,,,
736,10627,48,1,12-12-2024,,,,,,,,,,
737,10478,55,4,10-02-2025,,,,,,,,,,
738,10886,42,2,23-11-2024,,,,,,,,,,
739,10537,18,1,02-03-2025,,,,,,,,,,
740,10590,38,1,09-06-2024,,,,,,,,,,
741,10775,64,1,29-06-2024,,,,,,,,,,
742,10615,14,3,22-08-2024,,,,,,,,,,
743,10824,38,3,12-06-2024,,,,,,,,,,
744,10108,51,3,25-12-2024,,,,,,,,,,
745,10163,56,2,17-12-2024,,,,,,,,,,
746,10502,26,2,21-10-2024,,,,,,,,,,
747,10331,70,3,03-01-2025,,,,,,,,,,
748,10752,24,5,23-05-2024,,,,,,,,,,
749,10744,45,5,11-02-2025,,,,,,,,,,
750,10343,32,4,25-07-2024,,,,,,,,,,
751,10682,35,4,03-10-2024,,,,,,,,,,
752,10170,28,3,11-05-2024,,,,,,,,,,
753,10301,33,3,21-01-2025,,,,,,,,,,
754,10263,38,4,29-07-2024,,,,,,,,,,
755,10212,69,3,27-06-2024,,,,,,,,,,
756,10663,34,2,30-05-2024,,,,,,,,,,
757,10655,43,2,15-12-2024,,,,,,,,,,
758,10479,55,4,05-06-2024,,,,,,,,,,
759,10752,32,3,23-05-2024,,,,,,,,,,
760,10940,12,4,13-04-2024,,,,,,,,,,
761,10123,69,2,30-01-2025,,,,,,,,,,
762,10836,49,1,09-11-2024,,,,,,,,,,
763,10316,38,4,14-11-2024,,,,,,,,,,
764,10260,42,2,22-12-2024,,,,,,,,,,
765,10509,59,1,20-01-2025,,,,,,,,,,
766,10628,51,4,16-10-2024,,,,,,,,,,
767,10897,9,3,21-08-2024,,,,,,,,,,
768,10043,27,5,19-05-2024,,,,,,,,,,
769,10836,1,3,09-11-2024,,,,,,,,,,
770,10343,18,2,25-07-2024,,,,,,,,,,
771,10273,53,2,05-09-2024,,,,,,,,,,
772,10703,70,3,08-08-2024,,,,,,,,,,
773,10752,9,1,23-05-2024,,,,,,,,,,
774,10173,31,5,21-09-2024,,,,,,,,,,
775,10143,51,4,04-06-2024,,,,,,,,,,
776,10995,35,5,22-09-2024,,,,,,,,,,
777,10253,41,5,31-12-2024,,,,,,,,,,
778,10559,19,3,17-02-2025,,,,,,,,,,
779,10735,47,4,14-04-2024,,,,,,,,,,
780,10511,20,1,09-07-2024,,,,,,,,,,
781,10942,62,3,23-05-2024,,,,,,,,,,
782,10065,65,4,09-08-2024,,,,,,,,,,
783,10963,9,4,24-03-2025,,,,,,,,,,
784,10479,28,3,05-06-2024,,,,,,,,,,
785,10615,19,3,22-08-2024,,,,,,,,,,
786,10123,28,2,30-01-2025,,,,,,,,,,
787,10650,25,4,25-10-2024,,,,,,,,,,
788,10657,40,4,13-12-2024,,,,,,,,,,
789,10254,10,5,15-04-2024,,,,,,,,,,
790,10697,15,2,08-02-2025,,,,,,,,,,
791,10474,69,5,15-11-2024,,,,,,,,,,
792,10049,39,5,08-09-2024,,,,,,,,,,
793,10663,12,1,30-05-2024,,,,,,,,,,
794,10149,46,5,27-11-2024,,,,,,,,,,
795,10799,50,3,27-10-2024,,,,,,,,,,
796,10917,37,3,11-09-2024,,,,,,,,,,
797,10624,45,2,20-06-2024,,,,,,,,,,
798,10666,34,1,14-07-2024,,,,,,,,,,
799,10022,58,4,29-07-2024,,,,,,,,,,
800,10630,19,5,26-12-2024,,,,,,,,,,
801,10558,60,2,30-06-2024,,,,,,,,,,
802,10979,4,4,21-01-2025,,,,,,,,,,
803,10971,36,1,19-10-2024,,,,,,,,,,
804,10309,41,3,04-09-2024,,,,,,,,,,
805,10215,30,1,06-04-2024,,,,,,,,,,
806,10036,6,3,05-08-2024,,,,,,,,,,
807,10412,57,4,31-08-2024,,,,,,,,,,
808,10448,31,5,31-01-2025,,,,,,,,,,
809,10806,2,5,26-11-2024,,,,,,,,,,
810,10550,16,1,28-10-2024,,,,,,,,,,
811,10857,36,2,25-04-2024,,,,,,,,,,
812,10401,18,4,04-09-2024,,,,,,,,,,
813,10687,46,2,16-04-2024,,,,,,,,,,
814,10799,56,1,27-10-2024,,,,,,,,,,
815,10841,39,1,30-11-2024,,,,,,,,,,
816,10118,59,3,18-10-2024,,,,,,,,,,
817,10139,8,4,19-08-2024,,,,,,,,,,
818,10841,14,4,30-11-2024,,,,,,,,,,
819,9999,43,5,06-02-2025,,,,,,,,,,
820,10590,50,2,09-06-2024,,,,,,,,,,
821,10902,62,3,18-02-2025,,,,,,,,,,
822,10494,41,2,17-05-2024,,,,,,,,,,
823,10309,9,3,04-09-2024,,,,,,,,,,
824,10268,48,1,01-03-2025,,,,,,,,,,
825,10479,2,5,05-06-2024,,,,,,,,,,
826,10520,44,5,15-10-2024,,,,,,,,,,
827,10182,9,2,14-04-2024,,,,,,,,,,
828,10172,60,4,23-12-2024,,,,,,,,,,
829,9999,58,5,06-02-2025,,,,,,,,,,
830,10536,47,2,27-12-2024,,,,,,,,,,
831,10339,66,2,23-01-2025,,,,,,,,,,
832,10650,7,4,25-10-2024,,,,,,,,,,
833,10213,58,1,24-09-2024,,,,,,,,,,
834,10940,35,1,13-04-2024,,,,,,,,,,
835,10824,59,3,12-06-2024,,,,,,,,,,
836,10751,67,4,21-04-2024,,,,,,,,,,
837,10940,7,4,13-04-2024,,,,,,,,,,
838,10105,47,3,19-09-2024,,,,,,,,,,
839,10799,63,5,27-10-2024,,,,,,,,,,
840,10799,57,5,27-10-2024,,,,,,,,,,
841,10744,14,4,11-02-2025,,,,,,,,,,
842,10466,37,3,30-03-2025,,,,,,,,,,
843,10703,9,5,08-08-2024,,,,,,,,,,
844,10339,65,4,23-01-2025,,,,,,,,,,
845,10006,25,2,16-04-2024,,,,,,,,,,
846,10301,56,4,21-01-2025,,,,,,,,,,
847,10617,40,5,14-01-2025,,,,,,,,,,
848,10258,24,5,23-10-2024,,,,,,,,,,
849,10917,18,1,11-09-2024,,,,,,,,,,
850,10712,48,4,05-04-2024,,,,,,,,,,
851,10131,12,5,04-01-2025,,,,,,,,,,
852,10498,7,5,29-03-2025,,,,,,,,,,
853,10763,52,2,29-12-2024,,,,,,,,,,
854,10357,20,4,05-05-2024,,,,,,,,,,
855,10479,27,3,05-06-2024,,,,,,,,,,
856,10474,63,1,15-11-2024,,,,,,,,,,
857,9999,29,5,06-02-2025,,,,,,,,,,
858,10940,4,4,13-04-2024,,,,,,,,,,
859,10430,21,4,14-06-2024,,,,,,,,,,
860,10804,13,3,20-07-2024,,,,,,,,,,
861,10655,8,3,15-12-2024,,,,,,,,,,
862,10520,59,5,15-10-2024,,,,,,,,,,
863,10929,31,3,12-06-2024,,,,,,,,,,
864,10515,17,1,08-02-2025,,,,,,,,,,
865,10433,60,5,15-02-2025,,,,,,,,,,
866,10836,47,4,09-11-2024,,,,,,,,,,
867,10516,7,1,19-07-2024,,,,,,,,,,
868,10840,33,1,30-10-2024,,,,,,,,,,
869,10131,11,5,04-01-2025,,,,,,,,,,
870,10494,41,3,17-05-2024,,,,,,,,,,
871,10258,17,5,23-10-2024,,,,,,,,,,
872,10710,54,1,22-10-2024,,,,,,,,,,
873,10043,5,4,19-05-2024,,,,,,,,,,
874,10401,69,5,04-09-2024,,,,,,,,,,
875,10245,55,3,03-01-2025,,,,,,,,,,
876,10879,27,5,19-01-2025,,,,,,,,,,
877,10252,65,5,12-07-2024,,,,,,,,,,
878,10982,35,2,05-12-2024,,,,,,,,,,
879,10123,32,3,30-01-2025,,,,,,,,,,
880,10918,43,4,01-08-2024,,,,,,,,,,
881,10516,11,1,19-07-2024,,,,,,,,,,
882,10952,19,5,29-05-2024,,,,,,,,,,
883,10677,11,4,23-03-2025,,,,,,,,,,
884,10264,52,5,25-09-2024,,,,,,,,,,
885,10097,66,2,28-04-2024,,,,,,,,,,
886,10889,51,2,21-11-2024,,,,,,,,,,
887,10109,9,2,28-06-2024,,,,,,,,,,
888,10922,33,4,11-10-2024,,,,,,,,,,
889,10126,63,4,10-01-2025,,,,,,,,,,
890,10301,25,5,21-01-2025,,,,,,,,,,
891,10438,53,5,17-06-2024,,,,,,,,,,
892,10786,42,3,09-11-2024,,,,,,,,,,
893,10979,34,1,21-01-2025,,,,,,,,,,
894,10381,61,2,01-09-2024,,,,,,,,,,
895,10223,3,4,12-06-2024,,,,,,,,,,
896,10158,53,5,25-02-2025,,,,,,,,,,
897,10763,4,2,29-12-2024,,,,,,,,,,
898,10328,55,2,02-08-2024,,,,,,,,,,
899,10775,38,5,29-06-2024,,,,,,,,,,
900,10123,10,1,30-01-2025,,,,,,,,,,
901,10818,69,3,22-08-2024,,,,,,,,,,
902,10516,6,4,19-07-2024,,,,,,,,,,
903,10217,20,5,23-08-2024,,,,,,,,,,
904,10806,47,2,26-11-2024,,,,,,,,,,
905,10516,43,4,19-07-2024,,,,,,,,,,
906,10803,2,2,22-04-2024,,,,,,,,,,
907,10479,10,4,05-06-2024,,,,,,,,,,
908,10763,29,5,29-12-2024,,,,,,,,,,
909,10544,10,1,02-10-2024,,,,,,,,,,
910,10940,62,3,13-04-2024,,,,,,,,,,
911,10726,32,4,30-12-2024,,,,,,,,,,
912,10352,61,4,20-06-2024,,,,,,,,,,
913,10882,33,3,05-02-2025,,,,,,,,,,
914,10661,4,4,09-11-2024,,,,,,,,,,
915,10085,24,2,28-12-2024,,,,,,,,,,
916,10373,69,5,14-06-2024,,,,,,,,,,
917,10789,11,3,15-11-2024,,,,,,,,,,
918,10573,12,2,01-02-2025,,,,,,,,,,
919,10657,42,2,13-12-2024,,,,,,,,,,
920,10088,42,2,17-08-2024,,,,,,,,,,
921,10792,10,2,11-01-2025,,,,,,,,,,
922,10139,25,4,19-08-2024,,,,,,,,,,
923,10068,51,2,10-12-2024,,,,,,,,,,
924,10054,24,3,23-10-2024,,,,,,,,,,
925,10043,23,5,19-05-2024,,,,,,,,,,
926,10997,25,2,17-12-2024,,,,,,,,,,
927,10756,34,3,07-10-2024,,,,,,,,,,
928,10628,21,4,16-10-2024,,,,,,,,,,
929,10923,5,4,27-01-2025,,,,,,,,,,
930,10213,48,2,24-09-2024,,,,,,,,,,
931,10806,27,5,26-11-2024,,,,,,,,,,
932,10215,68,3,06-04-2024,,,,,,,,,,
933,10215,7,2,06-04-2024,,,,,,,,,,
934,10761,53,3,24-06-2024,,,,,,,,,,
935,10929,57,2,12-06-2024,,,,,,,,,,
936,10324,54,4,02-08-2024,,,,,,,,,,
937,10148,56,4,04-06-2024,,,,,,,,,,
938,10836,22,5,09-11-2024,,,,,,,,,,
939,10324,60,5,02-08-2024,,,,,,,,,,
940,10687,4,5,16-04-2024,,,,,,,,,,
941,10624,52,4,20-06-2024,,,,,,,,,,
942,10217,36,2,23-08-2024,,,,,,,,,,
943,10799,54,3,27-10-2024,,,,,,,,,,
944,10466,40,2,30-03-2025,,,,,,,,,,
945,10746,58,3,07-05-2024,,,,,,,,,,
946,10253,63,3,31-12-2024,,,,,,,,,,
947,10902,25,5,18-02-2025,,,,,,,,,,
948,10086,3,2,20-03-2025,,,,,,,,,,
949,10007,25,5,11-04-2024,,,,,,,,,,
950,10577,29,3,01-09-2024,,,,,,,,,,
951,10309,7,3,04-09-2024,,,,,,,,,,
952,10961,53,2,21-06-2024,,,,,,,,,,
953,10577,64,3,01-09-2024,,,,,,,,,,
954,10120,49,2,02-11-2024,,,,,,,,,,
955,10782,13,2,13-08-2024,,,,,,,,,,
956,10444,2,4,31-08-2024,,,,,,,,,,
957,10467,35,2,04-08-2024,,,,,,,,,,
958,10123,38,4,30-01-2025,,,,,,,,,,
959,10466,28,2,30-03-2025,,,,,,,,,,
960,10172,68,5,23-12-2024,,,,,,,,,,
961,10577,48,3,01-09-2024,,,,,,,,,,
962,10217,64,1,23-08-2024,,,,,,,,,,
963,10804,13,5,20-07-2024,,,,,,,,,,
964,10407,32,2,07-10-2024,,,,,,,,,,
965,10097,21,4,28-04-2024,,,,,,,,,,
966,10062,5,1,14-08-2024,,,,,,,,,,
967,10097,67,2,28-04-2024,,,,,,,,,,
968,10554,50,2,02-08-2024,,,,,,,,,,
969,10362,65,2,21-06-2024,,,,,,,,,,
970,10696,36,3,13-03-2025,,,,,,,,,,
971,10800,23,5,10-08-2024,,,,,,,,,,
972,10695,20,5,04-06-2024,,,,,,,,,,
973,10292,3,1,22-04-2024,,,,,,,,,,
974,10628,12,4,16-10-2024,,,,,,,,,,
975,10816,53,3,16-07-2024,,,,,,,,,,
976,10799,60,4,27-10-2024,,,,,,,,,,
977,10129,45,2,04-05-2024,,,,,,,,,,
978,10424,17,1,04-03-2025,,,,,,,,,,
979,10806,31,4,26-11-2024,,,,,,,,,,
980,10617,13,1,14-01-2025,,,,,,,,,,
981,10918,20,3,01-08-2024,,,,,,,,,,
982,10123,63,4,30-01-2025,,,,,,,,,,
983,10086,50,2,20-03-2025,,,,,,,,,,
984,10942,51,2,23-05-2024,,,,,,,,,,
985,10836,68,1,09-11-2024,,,,,,,,,,
986,10897,14,3,21-08-2024,,,,,,,,,,
987,10558,17,1,30-06-2024,,,,,,,,,,
988,10663,29,1,30-05-2024,,,,,,,,,,
989,10295,37,2,17-07-2024,,,,,,,,,,
990,10295,64,2,17-07-2024,,,,,,,,,,
991,10577,60,2,01-09-2024,,,,,,,,,,
992,10139,10,1,19-08-2024,,,,,,,,,,
993,10204,33,3,11-01-2025,,,,,,,,,,
994,10789,29,4,15-11-2024,,,,,,,,,,
995,10324,5,1,02-08-2024,,,,,,,,,,
996,10130,40,5,19-02-2025,,,,,,,,,,
997,10423,63,4,24-10-2024,,,,,,,,,,
998,10258,47,1,23-10-2024,,,,,,,,,,
999,10516,42,3,19-07-2024,,,,,,,,,,
1000,10206,62,2,02-04-2024,,,,,,,,,,
